Date,Price
2009-12-31,23.541967391967773
2010-01-04,23.904987335205078
2010-01-05,23.912704467773438
2010-01-06,23.765958786010742
2010-01-07,23.518798828125
2010-01-08,23.680997848510742
2010-01-11,23.3797664642334
2010-01-12,23.225296020507812
2010-01-13,23.441556930541992
2010-01-14,23.912704467773438
2010-01-15,23.83547019958496
2010-01-19,24.02083969116211
2010-01-20,23.62693214416504
2010-01-21,23.1789493560791
2010-01-22,22.36795425415039
2010-01-25,22.646015167236328
2010-01-26,22.785037994384766
2010-01-27,22.916345596313477
2010-01-28,22.522432327270508
2010-01-29,21.76551055908203
2010-02-01,21.943153381347656
2010-02-02,21.981773376464844
2010-02-03,22.11307716369629
2010-02-04,21.502901077270508
2010-02-05,21.641929626464844
2010-02-08,21.410215377807617
2010-02-09,21.634199142456055
2010-02-10,21.618755340576172
2010-02-11,21.719165802001953
2010-02-12,21.57241439819336
2010-02-16,21.999197006225586
2010-02-17,22.185443878173828
2010-02-18,22.480318069458008
2010-02-19,22.325117111206055
2010-02-22,22.29408073425293
2010-02-23,21.983684539794922
2010-02-24,22.21648597717285
2010-02-25,22.193195343017578
2010-02-26,22.247520446777344
2010-03-01,22.519113540649414
2010-03-02,22.084562301635742
2010-03-03,22.084562301635742
2010-03-04,22.21648597717285
2010-03-05,22.185443878173828
2010-03-08,22.21648597717285
2010-03-09,22.348400115966797
2010-03-10,22.480318069458008
2010-03-11,22.643272399902344
2010-03-12,22.71311378479004
2010-03-15,22.7286319732666
2010-03-16,22.790712356567383
2010-03-17,22.99246597290039
2010-03-18,22.976947784423828
2010-03-19,22.96143341064453
2010-03-22,22.96919059753418
2010-03-23,23.18646240234375
2010-03-24,23.00798797607422
2010-03-25,23.287342071533203
2010-03-26,23.015745162963867
2010-03-29,22.96143341064453
2010-03-30,23.101106643676758
2010-03-31,22.7286319732666
2010-04-01,22.627750396728516
2010-04-05,22.71311378479004
2010-04-06,22.751911163330078
2010-04-07,22.77519416809082
2010-04-08,23.217504501342773
2010-04-09,23.543418884277344
2010-04-12,23.527896881103516
2010-04-13,23.62877655029297
2010-04-14,23.915895462036133
2010-04-15,23.954692840576172
2010-04-16,23.799497604370117
2010-04-19,24.08660316467285
2010-04-20,24.334922790527344
2010-04-21,24.3116455078125
2010-04-22,24.358203887939453
2010-04-23,24.024524688720703
2010-04-26,24.140928268432617
2010-04-27,23.939170837402344
2010-04-28,23.98573112487793
2010-04-29,24.055564880371094
2010-04-30,23.698619842529297
2010-05-03,23.946931838989258
2010-05-04,23.380462646484375
2010-05-05,23.163183212280273
2010-05-06,22.488073348999023
2010-05-07,21.89056968688965
2010-05-10,22.4570369720459
2010-05-11,22.410476684570312
2010-05-12,22.845029830932617
2010-05-13,22.68982696533203
2010-05-14,22.449275970458984
2010-05-17,22.4570369720459
2010-05-18,22.2933406829834
2010-05-19,22.012725830078125
2010-05-20,21.13191032409668
2010-05-21,20.921449661254883
2010-05-24,20.47713851928711
2010-05-25,20.321239471435547
2010-05-26,19.49498176574707
2010-05-27,20.266677856445312
2010-05-28,20.110776901245117
2010-06-01,20.180931091308594
2010-06-02,20.625240325927734
2010-06-03,20.937040328979492
2010-06-04,20.10298728942871
2010-06-07,19.713237762451172
2010-06-08,19.57293128967285
2010-06-09,19.323501586914062
2010-06-10,19.48719024658203
2010-06-11,20.001657485961914
2010-06-14,19.876934051513672
2010-06-15,20.718782424926758
2010-06-16,20.516117095947266
2010-06-17,20.555086135864258
2010-06-18,20.60965347290039
2010-06-21,20.227705001831055
2010-06-22,20.087392807006836
2010-06-23,19.72882843017578
2010-06-24,19.48719024658203
2010-06-25,19.12083625793457
2010-06-28,18.9493465423584
2010-06-29,18.169858932495117
2010-06-30,17.936002731323242
2010-07-01,18.05293846130371
2010-07-02,18.13867950439453
2010-07-06,18.567392349243164
2010-07-07,18.941547393798828
2010-07-08,19.027297973632812
2010-07-09,18.91815757751465
2010-07-12,19.35468101501465
2010-07-13,19.588512420654297
2010-07-14,19.830163955688477
2010-07-15,19.88472557067871
2010-07-16,19.401439666748047
2010-07-19,19.666467666625977
2010-07-20,19.861347198486328
2010-07-21,19.580732345581055
2010-07-22,20.141958236694336
2010-07-23,20.118574142456055
2010-07-26,20.344629287719727
2010-07-27,20.391393661499023
2010-07-28,20.227705001831055
2010-07-29,20.290058135986328
2010-07-30,20.118574142456055
2010-08-02,20.52390480041504
2010-08-03,20.391393661499023
2010-08-04,20.056211471557617
2010-08-05,19.77560043334961
2010-08-06,19.915903091430664
2010-08-09,19.962678909301758
2010-08-10,19.541751861572266
2010-08-11,19.378061294555664
2010-08-12,19.08965301513672
2010-08-13,19.019495010375977
2010-08-16,19.097442626953125
2010-08-17,19.3638858795166
2010-08-18,19.450084686279297
2010-08-19,19.152299880981445
2010-08-20,18.987735748291016
2010-08-23,19.02691650390625
2010-08-24,18.838842391967773
2010-08-25,18.885862350463867
2010-08-26,18.66643524169922
2010-08-27,18.752641677856445
2010-08-30,18.525381088256836
2010-08-31,18.392166137695312
2010-09-01,18.729127883911133
2010-09-02,18.760480880737305
2010-09-03,19.034753799438477
2010-09-07,18.776145935058594
2010-09-08,18.752641677856445
2010-09-09,18.81532859802246
2010-09-10,18.689952850341797
2010-09-13,19.677349090576172
2010-09-14,19.614652633666992
2010-09-15,19.685178756713867
2010-09-16,19.84974479675293
2010-09-17,19.763540267944336
2010-09-20,19.92810821533203
2010-09-21,19.708688735961914
2010-09-22,19.285520553588867
2010-09-23,19.144460678100586
2010-09-24,19.41873550415039
2010-09-27,19.379560470581055
2010-09-28,19.340375900268555
2010-09-29,19.199317932128906
2010-09-30,19.19148063659668
2010-10-01,19.10527992248535
2010-10-04,18.736968994140625
2010-10-05,19.081769943237305
2010-10-06,19.144460678100586
2010-10-07,19.222829818725586
2010-10-08,19.254175186157227
2010-10-11,19.26984405517578
2010-10-12,19.457927703857422
2010-10-13,19.85757827758789
2010-10-14,19.771381378173828
2010-10-15,20.01430892944336
2010-10-18,20.23372459411621
2010-10-19,19.66950798034668
2010-10-20,19.834070205688477
2010-10-21,19.920272827148438
2010-10-22,19.888925552368164
2010-10-25,19.740036010742188
2010-10-26,20.29642677307129
2010-10-27,20.413970947265625
2010-10-28,20.594209671020508
2010-10-29,20.89983558654785
2010-11-01,21.11924934387207
2010-11-02,21.46405601501465
2010-11-03,21.18194580078125
2010-11-04,21.268150329589844
2010-11-05,21.04088592529297
2010-11-08,21.00954246520996
2010-11-09,21.11924934387207
2010-11-10,21.11141586303711
2010-11-11,20.90766716003418
2010-11-12,20.58637237548828
2010-11-15,20.53151512145996
2010-11-16,20.350162506103516
2010-11-17,20.16093635559082
2010-11-18,20.373828887939453
2010-11-19,20.255552291870117
2010-11-22,20.287094116210938
2010-11-23,19.80613899230957
2010-11-24,20.003250122070312
2010-11-26,19.908634185791016
2010-11-29,19.955936431884766
2010-11-30,19.916513442993164
2010-12-01,20.531513214111328
2010-12-02,21.201705932617188
2010-12-03,21.304210662841797
2010-12-06,21.16228675842285
2010-12-07,21.18593406677246
2010-12-08,21.469785690307617
2010-12-09,21.351518630981445
2010-12-10,21.556520462036133
2010-12-13,21.48555564880371
2010-12-14,21.77728271484375
2010-12-15,21.958627700805664
2010-12-16,22.069019317626953
2010-12-17,21.998058319091797
2010-12-20,21.927093505859375
2010-12-21,22.13209342956543
2010-12-22,22.22670555114746
2010-12-23,22.313434600830078
2010-12-27,22.13209342956543
2010-12-28,22.084779739379883
2010-12-29,22.053245544433594
2010-12-30,21.958627700805664
2010-12-31,22.005931854248047
2011-01-03,22.06113052368164
2011-01-04,22.147863388061523
2011-01-05,22.0769100189209
2011-01-06,22.723440170288086
2011-01-07,22.549978256225586
2011-01-10,22.250356674194336
2011-01-11,22.163631439208984
2011-01-12,22.510560989379883
2011-01-13,22.22670555114746
2011-01-14,22.313434600830078
2011-01-18,22.5972843170166
2011-01-19,22.447481155395508
2011-01-20,22.35285758972168
2011-01-21,22.092668533325195
2011-01-24,22.37651252746582
2011-01-25,22.43170738220215
2011-01-26,22.691904067993164
2011-01-27,22.762861251831055
2011-01-28,21.879789352416992
2011-01-31,21.864013671875
2011-02-01,22.069019317626953
2011-02-02,22.029586791992188
2011-02-03,21.80094337463379
2011-02-04,21.895549774169922
2011-02-07,22.23459243774414
2011-02-08,22.297666549682617
2011-02-09,22.053245544433594
2011-02-10,21.682668685913086
2011-02-11,21.48555564880371
2011-02-14,21.469785690307617
2011-02-15,21.38254165649414
2011-02-16,21.430131912231445
2011-02-17,21.580821990966797
2011-02-18,21.461856842041016
2011-02-22,21.089088439941406
2011-02-23,21.089088439941406
2011-02-24,21.23185157775879
2011-02-25,21.05735969543457
2011-02-28,21.08115577697754
2011-03-01,20.748044967651367
2011-03-02,20.684593200683594
2011-03-03,20.77977180480957
2011-03-04,20.58149528503418
2011-03-07,20.399072647094727
2011-03-08,20.54976463317871
2011-03-09,20.533905029296875
2011-03-10,20.1532039642334
2011-03-11,20.36734962463379
2011-03-14,20.375276565551758
2011-03-15,20.137340545654297
2011-03-16,19.66147232055664
2011-03-17,19.653539657592773
2011-03-18,19.669401168823242
2011-03-21,20.089754104614258
2011-03-22,20.065961837768555
2011-03-23,20.256305694580078
2011-03-24,20.470443725585938
2011-03-25,20.319765090942383
2011-03-28,20.1532039642334
2011-03-29,20.216655731201172
2011-03-30,20.311830520629883
2011-03-31,20.137340545654297
2011-04-01,20.20872688293457
2011-04-04,20.264240264892578
2011-04-05,20.4466609954834
2011-04-06,20.740114212036133
2011-04-07,20.77977180480957
2011-04-08,20.67666244506836
2011-04-11,20.605281829833984
2011-04-12,20.335620880126953
2011-04-13,20.32769203186035
2011-04-14,20.161134719848633
2011-04-15,20.12148094177246
2011-04-18,19.8914737701416
2011-04-19,19.94699478149414
2011-04-20,20.430797576904297
2011-04-21,20.240446090698242
2011-04-25,20.311830520629883
2011-04-26,20.77184295654297
2011-04-27,20.922531127929688
2011-04-28,21.184261322021484
2011-04-29,20.557697296142578
2011-05-02,20.351486206054688
2011-05-03,20.470443725585938
2011-05-04,20.668731689453125
2011-05-05,20.454591751098633
2011-05-06,20.518043518066406
2011-05-09,20.486316680908203
2011-05-10,20.359418869018555
2011-05-11,20.113548278808594
2011-05-12,20.081819534301758
2011-05-13,19.851818084716797
2011-05-16,19.486980438232422
2011-05-17,19.57480239868164
2011-05-18,19.71051788330078
2011-05-19,19.734460830688477
2011-05-20,19.55084228515625
2011-05-23,19.29538917541504
2011-05-24,19.2794189453125
2011-05-25,19.31135368347168
2011-05-26,19.694538116455078
2011-05-27,19.766395568847656
2011-05-31,19.96596336364746
2011-06-01,19.502944946289062
2011-06-02,19.335302352905273
2011-06-03,19.08782386779785
2011-06-06,19.16765594482422
2011-06-07,19.20756721496582
2011-06-08,19.111772537231445
2011-06-09,19.127737045288086
2011-06-10,18.928159713745117
2011-06-13,19.191608428955078
2011-06-14,19.335302352905273
2011-06-15,18.952106475830078
2011-06-16,19.1596736907959
2011-06-17,19.36723518371582
2011-06-20,19.534881591796875
2011-06-21,19.766395568847656
2011-06-22,19.67857551574707
2011-06-23,19.66261100769043
2011-06-24,19.399166107177734
2011-06-27,20.11764907836914
2011-06-28,20.596643447875977
2011-06-29,20.45294952392578
2011-06-30,20.75631332397461
2011-07-01,20.77227783203125
2011-07-05,20.780261993408203
2011-07-06,21.019750595092773
2011-07-07,21.371017456054688
2011-07-08,21.490768432617188
2011-07-11,21.25925636291504
2011-07-12,21.18740463256836
2011-07-13,21.25925636291504
2011-07-14,21.131521224975586
2011-07-15,21.37900161743164
2011-07-18,21.227319717407227
2011-07-19,21.985713958740234
2011-07-20,21.60253143310547
2011-07-21,21.63446044921875
2011-07-22,21.977745056152344
2011-07-25,22.28109359741211
2011-07-26,22.41681480407715
2011-07-27,21.81807518005371
2011-07-28,22.129419326782227
2011-07-29,21.87395668029785
2011-08-01,21.770174026489258
2011-08-02,21.39496421813965
2011-08-03,21.490768432617188
2011-08-04,20.708417892456055
2011-08-05,20.50084686279297
2011-08-08,19.542865753173828
2011-08-09,20.421018600463867
2011-08-10,19.319337844848633
2011-08-11,20.109668731689453
2011-08-12,20.037824630737305
2011-08-15,20.365135192871094
2011-08-16,20.36513328552246
2011-08-17,20.284799575805664
2011-08-18,19.81884765625
2011-08-19,19.320770263671875
2011-08-22,19.264528274536133
2011-08-23,19.859020233154297
2011-08-24,20.003620147705078
2011-08-25,19.738515853881836
2011-08-26,20.284799575805664
2011-08-29,20.75877571105957
2011-08-30,21.072097778320312
2011-08-31,21.369338989257812
2011-09-01,21.0560245513916
2011-09-02,20.726648330688477
2011-09-06,20.493671417236328
2011-09-07,20.887317657470703
2011-09-08,21.064056396484375
2011-09-09,20.678443908691406
2011-09-12,20.7989444732666
2011-09-13,20.919450759887695
2011-09-14,21.289003372192383
2011-09-15,21.682640075683594
2011-09-16,21.78707504272461
2011-09-19,21.859378814697266
2011-09-20,21.674612045288086
2011-09-21,20.879283905029297
2011-09-22,20.132160186767578
2011-09-23,20.132160186767578
2011-09-26,20.437440872192383
2011-09-27,20.622207641601562
2011-09-28,20.549903869628906
2011-09-29,20.445470809936523
2011-09-30,19.995590209960938
2011-10-03,19.706377029418945
2011-10-04,20.357099533081055
2011-10-05,20.7989444732666
2011-10-06,21.16046142578125
2011-10-07,21.088157653808594
2011-10-10,21.642473220825195
2011-10-11,21.690673828125
2011-10-12,21.65854263305664
2011-10-13,21.835275650024414
2011-10-14,21.907581329345703
2011-10-17,21.674612045288086
2011-10-18,21.93971824645996
2011-10-19,21.795108795166016
2011-10-20,21.722810745239258
2011-10-21,21.8192138671875
2011-10-24,21.84331703186035
2011-10-25,21.538036346435547
2011-10-26,21.361299514770508
2011-10-27,21.891515731811523
2011-10-28,21.674612045288086
2011-10-31,21.393430709838867
2011-11-01,20.879283905029297
2011-11-02,20.895349502563477
2011-11-03,21.313093185424805
2011-11-04,21.088157653808594
2011-11-07,21.530006408691406
2011-11-08,21.8192138671875
2011-11-09,21.047985076904297
2011-11-10,21.112260818481445
2011-11-11,21.618375778198242
2011-11-14,21.49787139892578
2011-11-15,21.64356231689453
2011-11-16,21.101259231567383
2011-11-17,20.672273635864258
2011-11-18,20.47801971435547
2011-11-21,20.23519515991211
2011-11-22,20.065223693847656
2011-11-23,19.80620765686035
2011-11-25,19.66860580444336
2011-11-28,20.129974365234375
2011-11-29,20.10568618774414
2011-11-30,20.70465087890625
2011-12-01,20.461833953857422
2011-12-02,20.41326141357422
2011-12-05,20.801776885986328
2011-12-06,20.7694034576416
2011-12-07,20.72083854675293
2011-12-08,20.558958053588867
2011-12-09,20.801776885986328
2011-12-12,20.647993087768555
2011-12-13,20.8503475189209
2011-12-14,20.712749481201172
2011-12-15,20.688459396362305
2011-12-16,21.044601440429688
2011-12-19,20.6641788482666
2011-12-20,21.06888771057129
2011-12-21,20.8503475189209
2011-12-22,20.890811920166016
2011-12-23,21.06888771057129
2011-12-27,21.076980590820312
2011-12-28,20.898908615112305
2011-12-29,21.060794830322266
2011-12-30,21.012222290039062
2012-01-03,21.667850494384766
2012-01-04,22.177772521972656
2012-01-05,22.404407501220703
2012-01-06,22.75245475769043
2012-01-09,22.452972412109375
2012-01-10,22.533916473388672
2012-01-11,22.436779022216797
2012-01-12,22.663419723510742
2012-01-13,22.865766525268555
2012-01-17,22.873865127563477
2012-01-18,22.84957504272461
2012-01-19,22.76055145263672
2012-01-20,24.047502517700195
2012-01-23,24.06369400024414
2012-01-24,23.74802017211914
2012-01-25,23.926088333129883
2012-01-26,23.877525329589844
2012-01-27,23.658992767333984
2012-01-30,23.96656608581543
2012-01-31,23.901811599731445
2012-02-01,24.19319725036621
2012-02-02,24.24176025390625
2012-02-03,24.476490020751953
2012-02-06,24.444110870361328
2012-02-07,24.56552505493164
2012-02-08,24.81644058227539
2012-02-09,24.905473709106445
2012-02-10,24.68693733215332
2012-02-13,24.75168800354004
2012-02-14,24.645774841308594
2012-02-15,24.48282814025879
2012-02-16,25.493101119995117
2012-02-17,25.46050262451172
2012-02-21,25.615306854248047
2012-02-22,25.476810455322266
2012-02-23,25.558277130126953
2012-02-24,25.64790153503418
2012-02-27,25.541982650756836
2012-02-28,25.965648651123047
2012-02-29,25.859729766845703
2012-03-01,26.30783462524414
2012-03-02,26.13674545288086
2012-03-05,25.90861701965332
2012-03-06,25.71307373046875
2012-03-07,25.94120216369629
2012-03-08,26.079710006713867
2012-03-09,26.06341552734375
2012-03-12,26.104150772094727
2012-03-13,26.61743927001953
2012-03-14,26.69890594482422
2012-03-15,26.764089584350586
2012-03-16,26.560413360595703
2012-03-19,26.23451042175293
2012-03-20,26.06341552734375
2012-03-21,25.99823570251465
2012-03-22,26.07155990600586
2012-03-23,26.079710006713867
2012-03-26,26.552257537841797
2012-03-27,26.495222091674805
2012-03-28,26.22636604309082
2012-03-29,26.16933250427246
2012-03-30,26.283395767211914
2012-04-02,26.30783462524414
2012-04-03,26.022676467895508
2012-04-04,25.42792320251465
2012-04-05,25.680490493774414
2012-04-09,25.338298797607422
2012-04-10,24.82501220703125
2012-04-11,24.727245330810547
2012-04-12,25.24053192138672
2012-04-13,25.102027893066406
2012-04-16,25.32200813293457
2012-04-17,25.615306854248047
2012-04-18,25.370885848999023
2012-04-19,25.264972686767578
2012-04-20,26.413753509521484
2012-04-23,26.16933250427246
2012-04-24,26.006385803222656
2012-04-25,26.23451042175293
2012-04-26,26.16118812561035
2012-04-27,26.05526351928711
2012-04-30,26.087854385375977
2012-05-01,26.079710006713867
2012-05-02,25.90861701965332
2012-05-03,25.876028060913086
2012-05-04,25.24053192138672
2012-05-07,24.97166633605957
2012-05-08,24.849451065063477
2012-05-09,25.061288833618164
2012-05-10,25.04499626159668
2012-05-11,25.38718605041504
2012-05-14,24.996109008789062
2012-05-15,24.77468490600586
2012-05-16,24.520462036132812
2012-05-17,24.372844696044922
2012-05-18,24.003808975219727
2012-05-21,24.397449493408203
2012-05-22,24.4056453704834
2012-05-23,23.872596740722656
2012-05-24,23.83979034423828
2012-05-25,23.83159828186035
2012-05-29,24.24163246154785
2012-05-30,24.061216354370117
2012-05-31,23.938209533691406
2012-06-01,23.331340789794922
2012-06-04,23.413349151611328
2012-06-05,23.38055419921875
2012-06-06,24.069421768188477
2012-06-07,23.971006393432617
2012-06-08,24.31543731689453
2012-06-11,23.700376510620117
2012-06-12,24.020212173461914
2012-06-13,23.888994216918945
2012-06-14,24.061216354370117
2012-06-15,24.618867874145508
2012-06-18,24.47125244140625
2012-06-19,25.176525115966797
2012-06-20,25.365144729614258
2012-06-21,24.717283248901367
2012-06-22,25.176525115966797
2012-06-25,24.495859146118164
2012-06-26,24.618867874145508
2012-06-27,24.74188232421875
2012-06-28,24.528667449951172
2012-06-29,25.086320877075195
2012-07-02,25.06171226501465
2012-07-03,25.225730895996094
2012-07-05,25.176525115966797
2012-07-06,24.758285522460938
2012-07-09,24.602468490600586
2012-07-10,24.389245986938477
2012-07-11,24.028411865234375
2012-07-12,23.47895622253418
2012-07-13,24.102222442626953
2012-07-16,24.143220901489258
2012-07-17,24.32364273071289
2012-07-18,24.971506118774414
2012-07-19,25.151926040649414
2012-07-20,24.700885772705078
2012-07-23,24.01201057434082
2012-07-24,23.905397415161133
2012-07-25,23.642974853515625
2012-07-26,23.91360092163086
2012-07-27,24.4056453704834
2012-07-30,24.30723762512207
2012-07-31,24.167829513549805
2012-08-01,24.118619918823242
2012-08-02,23.938209533691406
2012-08-03,24.397449493408203
2012-08-06,24.56146240234375
2012-08-07,24.815690994262695
2012-08-08,24.873098373413086
2012-08-09,25.01250648498535
2012-08-10,24.9469051361084
2012-08-13,24.922298431396484
2012-08-14,24.87276840209961
2012-08-15,24.930561065673828
2012-08-16,25.40935707092285
2012-08-17,25.50841522216797
2012-08-20,25.376340866088867
2012-08-21,25.42586898803711
2012-08-22,25.211231231689453
2012-08-23,24.98008918762207
2012-08-24,25.227739334106445
2012-08-27,25.335058212280273
2012-08-28,25.28553581237793
2012-08-29,25.30204200744629
2012-08-30,25.029621124267578
2012-08-31,25.44237518310547
2012-09-04,25.087406158447266
2012-09-05,25.087406158447266
2012-09-06,25.879899978637695
2012-09-07,25.549692153930664
2012-09-10,25.359830856323242
2012-09-11,25.41761589050293
2012-09-12,25.40935707092285
2012-09-13,25.541439056396484
2012-09-14,25.764326095581055
2012-09-17,25.764326095581055
2012-09-18,25.739564895629883
2012-09-19,25.632253646850586
2012-09-20,25.96245574951172
2012-09-21,25.747821807861328
2012-09-24,25.40935707092285
2012-09-25,25.087406158447266
2012-09-26,24.90578842163086
2012-09-27,24.897531509399414
2012-09-28,24.56732940673828
2012-10-01,24.344436645507812
2012-10-02,24.484779357910156
2012-10-03,24.649883270263672
2012-10-04,24.79021453857422
2012-10-05,24.641633987426758
2012-10-08,24.583845138549805
2012-10-09,24.17108726501465
2012-10-10,23.923431396484375
2012-10-11,23.898658752441406
2012-10-12,24.10504722595215
2012-10-15,24.360952377319336
2012-10-16,24.344436645507812
2012-10-17,24.426998138427734
2012-10-18,24.352693557739258
2012-10-19,23.64276123046875
2012-10-22,23.11442756652832
2012-10-23,23.155698776245117
2012-10-24,23.03187370300293
2012-10-25,23.01535987854004
2012-10-26,23.287778854370117
2012-10-31,23.560205459594727
2012-11-01,24.36920738220215
2012-11-02,24.352693557739258
2012-11-05,24.460012435913086
2012-11-06,24.649883270263672
2012-11-07,24.0059757232666
2012-11-08,23.78308868408203
2012-11-09,23.79960060119629
2012-11-12,23.296039581298828
2012-11-13,22.546964645385742
2012-11-14,22.33889389038086
2012-11-15,22.189085006713867
2012-11-16,22.072559356689453
2012-11-19,22.247339248657227
2012-11-20,22.23069190979004
2012-11-21,22.43044662475586
2012-11-23,23.054670333862305
2012-11-26,22.79665756225586
2012-11-27,22.538644790649414
2012-11-28,22.771690368652344
2012-11-29,22.43044662475586
2012-11-30,22.155784606933594
2012-12-03,21.99765396118164
2012-12-04,21.947711944580078
2012-12-05,22.19740104675293
2012-12-06,22.247339248657227
2012-12-07,22.022619247436523
2012-12-10,22.42212677001953
2012-12-11,22.73839569091797
2012-12-12,22.671815872192383
2012-12-13,22.563617706298828
2012-12-14,22.313920974731445
2012-12-17,22.555286407470703
2012-12-18,22.938146591186523
2012-12-19,22.73007583618164
2012-12-20,23.038022994995117
2012-12-21,22.846599578857422
2012-12-24,22.522001266479492
2012-12-26,22.35553550720215
2012-12-27,22.438766479492188
2012-12-28,22.0975284576416
2012-12-31,22.23069190979004
2013-01-02,22.988088607788086
2013-01-03,22.68013572692871
2013-01-04,22.25566291809082
2013-01-07,22.214046478271484
2013-01-08,22.0975284576416
2013-01-09,22.222375869750977
2013-01-10,22.022619247436523
2013-01-11,22.330568313598633
2013-01-14,22.380510330200195
2013-01-15,22.6468448638916
2013-01-16,22.505355834960938
2013-01-17,22.68013572692871
2013-01-18,22.68013572692871
2013-01-22,22.596906661987305
2013-01-23,22.979761123657227
2013-01-24,22.996408462524414
2013-01-25,23.204484939575195
2013-01-28,23.229450225830078
2013-01-29,23.312681198120117
2013-01-30,23.17951774597168
2013-01-31,22.846599578857422
2013-02-01,23.2460994720459
2013-02-04,22.838275909423828
2013-02-05,22.888214111328125
2013-02-06,22.75504493713379
2013-02-07,22.705108642578125
2013-02-08,22.929819107055664
2013-02-11,23.187837600708008
2013-02-12,23.204484939575195
2013-02-13,23.32933235168457
2013-02-14,23.337657928466797
2013-02-15,23.312681198120117
2013-02-19,23.539264678955078
2013-02-20,23.388212203979492
2013-02-21,23.069318771362305
2013-02-22,23.295902252197266
2013-02-25,22.968612670898438
2013-02-26,22.968612670898438
2013-02-27,23.337858200073242
2013-02-28,23.3294677734375
2013-03-01,23.45534896850586
2013-03-04,23.623180389404297
2013-03-05,23.79102325439453
2013-03-06,23.572832107543945
2013-03-07,23.61479377746582
2013-03-08,23.497304916381836
2013-03-11,23.388212203979492
2013-03-12,23.421775817871094
2013-03-13,23.4301700592041
2013-03-14,23.61479377746582
2013-03-15,23.530874252319336
2013-03-18,23.58122444152832
2013-03-19,23.648357391357422
2013-03-20,23.765844345092773
2013-03-21,23.58962059020996
2013-03-22,23.70710563659668
2013-03-25,23.631576538085938
2013-03-26,23.631576538085938
2013-03-27,23.807802200317383
2013-03-28,24.009214401245117
2013-04-01,24.009214401245117
2013-04-02,24.168651580810547
2013-04-03,23.967247009277344
2013-04-04,24.000822067260742
2013-04-05,24.08473777770996
2013-04-08,23.992427825927734
2013-04-09,24.848400115966797
2013-04-10,25.410654067993164
2013-04-11,24.286144256591797
2013-04-12,24.160263061523438
2013-04-15,24.076345443725586
2013-04-16,24.311315536499023
2013-04-17,24.193832397460938
2013-04-18,24.160263061523438
2013-04-19,24.98267364501953
2013-04-22,25.87220573425293
2013-04-23,25.6792049407959
2013-04-24,26.65265464782715
2013-04-25,26.803712844848633
2013-04-26,26.67783546447754
2013-04-29,27.365964889526367
2013-04-30,27.777170181274414
2013-05-01,27.458284378051758
2013-05-02,27.827524185180664
2013-05-03,28.10445785522461
2013-05-06,28.322649002075195
2013-05-07,27.953397750854492
2013-05-08,27.684865951538086
2013-05-09,27.40793228149414
2013-05-10,27.433107376098633
2013-05-13,27.718425750732422
2013-05-14,28.3353328704834
2013-05-15,28.605754852294922
2013-05-16,28.800125122070312
2013-05-17,29.467729568481445
2013-05-20,29.645206451416016
2013-05-21,29.450830459594727
2013-05-22,29.248010635375977
2013-05-23,28.85928726196289
2013-05-24,28.9606876373291
2013-05-28,29.594493865966797
2013-05-29,29.476179122924805
2013-05-30,29.602947235107422
2013-05-31,29.493093490600586
2013-06-03,30.076181411743164
2013-06-04,29.56914520263672
2013-06-05,29.391677856445312
2013-06-06,29.543792724609375
2013-06-07,30.14378547668457
2013-06-10,29.97477149963379
2013-06-11,29.44237518310547
2013-06-12,29.57758903503418
2013-06-13,29.340972900390625
2013-06-14,29.070545196533203
2013-06-17,29.57758903503418
2013-06-18,29.560688018798828
2013-06-19,29.231103897094727
2013-06-20,28.301532745361328
2013-06-21,28.115612030029297
2013-06-24,28.495901107788086
2013-06-25,28.453638076782227
2013-06-26,29.02829360961914
2013-06-27,29.256458282470703
2013-06-28,29.188861846923828
2013-07-01,29.0367431640625
2013-07-02,28.681806564331055
2013-07-03,28.740964889526367
2013-07-05,28.909976959228516
2013-07-08,29.01139259338379
2013-07-09,29.02829360961914
2013-07-10,29.32406234741211
2013-07-11,30.16069793701172
2013-07-12,30.14378547668457
2013-07-15,30.566328048706055
2013-07-16,30.650833129882812
2013-07-17,30.202945709228516
2013-07-18,29.94942855834961
2013-07-19,26.535329818725586
2013-07-22,27.05082130432129
2013-07-23,26.89025115966797
2013-07-24,27.008562088012695
2013-07-25,26.526872634887695
2013-07-26,26.721248626708984
2013-07-29,26.65363311767578
2013-07-30,26.915603637695312
2013-07-31,26.90715789794922
2013-08-01,26.763486862182617
2013-08-02,26.94940948486328
2013-08-05,26.788843154907227
2013-08-06,26.687437057495117
2013-08-07,27.093076705932617
2013-08-08,27.794483184814453
2013-08-09,27.633920669555664
2013-08-12,27.777585983276367
2013-08-13,27.428659439086914
2013-08-14,27.530784606933594
2013-08-15,27.054208755493164
2013-08-16,27.062726974487305
2013-08-19,26.713796615600586
2013-08-20,26.909534454345703
2013-08-21,26.901023864746094
2013-08-22,27.564823150634766
2013-08-23,29.573253631591797
2013-08-26,29.062644958496094
2013-08-27,28.30522346496582
2013-08-28,28.100980758666992
2013-08-29,28.552019119262695
2013-08-30,28.424365997314453
2013-09-03,27.130800247192383
2013-09-04,26.552104949951172
2013-09-05,26.5776309967041
2013-09-06,26.509546279907227
2013-09-09,26.943572998046875
2013-09-10,27.564823150634766
2013-09-11,27.862689971923828
2013-09-12,27.820138931274414
2013-09-13,28.10948371887207
2013-09-16,27.913745880126953
2013-09-17,28.02437973022461
2013-09-18,28.35628318786621
2013-09-19,28.628610610961914
2013-09-20,27.905248641967773
2013-09-23,27.862689971923828
2013-09-24,27.615890502929688
2013-09-25,27.66695213317871
2013-09-26,27.888216018676758
2013-09-27,28.31373405456543
2013-09-30,28.322235107421875
2013-10-01,28.577545166015625
2013-10-02,28.866899490356445
2013-10-03,28.815847396850586
2013-10-04,28.832860946655273
2013-10-07,28.33926773071289
2013-10-08,28.092466354370117
2013-10-09,28.143526077270508
2013-10-10,28.730730056762695
2013-10-11,29.045621871948242
2013-10-14,29.31795310974121
2013-10-15,29.351991653442383
2013-10-16,29.479637145996094
2013-10-17,29.71792984008789
2013-10-18,29.751977920532227
2013-10-21,29.77750587463379
2013-10-22,29.42858123779297
2013-10-23,28.730730056762695
2013-10-24,28.696697235107422
2013-10-25,30.40726661682129
2013-10-28,30.271093368530273
2013-10-29,30.22854995727539
2013-10-30,30.245569229125977
2013-10-31,30.134937286376953
2013-11-01,30.237058639526367
2013-11-04,30.585973739624023
2013-11-05,31.181699752807617
2013-11-06,32.492286682128906
2013-11-07,31.913576126098633
2013-11-08,32.15188217163086
2013-11-11,31.99018096923828
2013-11-12,31.79444694519043
2013-11-13,32.475250244140625
2013-11-14,32.35612106323242
2013-11-15,32.20294952392578
2013-11-18,31.658267974853516
2013-11-19,31.503936767578125
2013-11-20,31.795488357543945
2013-11-21,32.06986618041992
2013-11-22,32.21565246582031
2013-11-25,32.27567672729492
2013-11-26,32.02699661254883
2013-11-27,32.24135971069336
2013-11-29,32.695831298828125
2013-12-02,32.97021484375
2013-12-03,32.85017776489258
2013-12-04,33.39039611816406
2013-12-05,32.58436584472656
2013-12-06,32.89305114746094
2013-12-09,33.193180084228516
2013-12-10,32.678680419921875
2013-12-11,32.249935150146484
2013-12-12,31.915525436401367
2013-12-13,31.4610538482666
2013-12-16,31.63254737854004
2013-12-17,31.315282821655273
2013-12-18,31.366741180419922
2013-12-19,31.08376693725586
2013-12-20,31.555370330810547
2013-12-23,31.40103530883789
2013-12-24,31.795488357543945
2013-12-26,32.10417175292969
2013-12-27,31.975549697875977
2013-12-30,31.975549697875977
2013-12-31,32.07843780517578
2014-01-02,31.864076614379883
2014-01-03,31.649696350097656
2014-01-06,30.980857849121094
2014-01-07,31.22096824645996
2014-01-08,30.66360092163086
2014-01-09,30.466371536254883
2014-01-10,30.903682708740234
2014-01-13,29.994754791259766
2014-01-14,30.680740356445312
2014-01-15,31.521074295043945
2014-01-16,31.63254737854004
2014-01-17,31.195234298706055
2014-01-21,31.01516342163086
2014-01-22,30.809358596801758
2014-01-23,30.920846939086914
2014-01-24,31.563955307006836
2014-01-27,30.89511489868164
2014-01-28,31.10091209411621
2014-01-29,31.43532943725586
2014-01-30,31.606826782226562
2014-01-31,32.44717025756836
2014-02-03,31.28099250793457
2014-02-04,31.16950035095215
2014-02-05,30.71504783630371
2014-02-06,31.023738861083984
2014-02-07,31.349580764770508
2014-02-10,31.555370330810547
2014-02-11,31.872648239135742
2014-02-12,32.12989044189453
2014-02-13,32.249935150146484
2014-02-14,32.258514404296875
2014-02-18,32.327640533447266
2014-02-19,32.40538787841797
2014-02-20,32.61271286010742
2014-02-21,32.811424255371094
2014-02-24,32.56087875366211
2014-02-25,32.43128967285156
2014-02-26,32.37081527709961
2014-02-27,32.70773696899414
2014-02-28,33.09651565551758
2014-03-03,32.63862991333008
2014-03-04,33.18289566040039
2014-03-05,32.92372512817383
2014-03-06,32.958290100097656
2014-03-07,32.742305755615234
2014-03-10,32.67319869995117
2014-03-11,32.845977783203125
2014-03-12,33.06196594238281
2014-03-13,32.73366928100586
2014-03-14,32.56952667236328
2014-03-17,32.871891021728516
2014-03-18,34.16775894165039
2014-03-19,33.925872802734375
2014-03-20,34.84161376953125
2014-03-21,34.69475173950195
2014-03-24,34.98848342895508
2014-03-25,34.850250244140625
2014-03-26,34.375091552734375
2014-03-27,34.00361633300781
2014-03-28,34.81570053100586
2014-03-31,35.41179275512695
2014-04-01,35.78327560424805
2014-04-02,35.722801208496094
2014-04-03,35.429073333740234
2014-04-04,34.4442138671875
2014-04-07,34.38374710083008
2014-04-08,34.40102005004883
2014-04-09,34.96255874633789
2014-04-10,34.00361633300781
2014-04-11,33.8740348815918
2014-04-14,33.84811782836914
2014-04-15,34.340545654296875
2014-04-16,34.90208435058594
2014-04-17,34.56517028808594
2014-04-21,34.504695892333984
2014-04-22,34.54787826538086
2014-04-23,34.2887077331543
2014-04-24,34.435569763183594
2014-04-25,34.47876739501953
2014-04-28,35.308135986328125
2014-04-29,34.99712371826172
2014-04-30,34.90208435058594
2014-05-01,34.556522369384766
2014-05-02,34.2887077331543
2014-05-05,34.064083099365234
2014-05-06,33.744441986083984
2014-05-07,34.055458068847656
2014-05-08,34.245513916015625
2014-05-09,34.15912628173828
2014-05-12,34.530616760253906
2014-05-13,35.16570281982422
2014-05-14,35.00910186767578
2014-05-15,34.45230484008789
2014-05-16,34.65241622924805
2014-05-19,34.58280563354492
2014-05-20,34.521915435791016
2014-05-21,35.10480880737305
2014-05-22,34.88731384277344
2014-05-23,34.90470504760742
2014-05-27,34.965606689453125
2014-05-28,34.80900192260742
2014-05-29,35.09611892700195
2014-05-30,35.61811828613281
2014-06-02,35.48762130737305
2014-06-03,35.0526237487793
2014-06-04,35.07870864868164
2014-06-05,35.85301208496094
2014-06-06,36.087928771972656
2014-06-09,35.90522003173828
2014-06-10,35.76601791381836
2014-06-11,35.548519134521484
2014-06-12,35.30491256713867
2014-06-13,35.870418548583984
2014-06-16,36.10532760620117
2014-06-17,36.26191711425781
2014-06-18,36.23582077026367
2014-06-19,36.11402130126953
2014-06-20,36.26191711425781
2014-06-23,36.53163528442383
2014-06-24,36.32280731201172
2014-06-25,36.5664176940918
2014-06-26,36.29671859741211
2014-06-27,36.75783157348633
2014-06-30,36.279335021972656
2014-07-01,36.427223205566406
2014-07-02,36.45332336425781
2014-07-03,36.36632537841797
2014-07-07,36.53163528442383
2014-07-08,36.34892272949219
2014-07-09,36.25321578979492
2014-07-10,36.27061462402344
2014-07-11,36.61863708496094
2014-07-14,36.66212463378906
2014-07-15,36.931819915771484
2014-07-16,38.34994125366211
2014-07-17,38.7414436340332
2014-07-18,38.88064193725586
2014-07-21,39.01114273071289
2014-07-22,39.0024528503418
2014-07-23,39.03723907470703
2014-07-24,38.62833023071289
2014-07-25,38.7153434753418
2014-07-28,38.25424575805664
2014-07-29,38.18463134765625
2014-07-30,37.91493225097656
2014-07-31,37.549537658691406
2014-08-01,37.28853225708008
2014-08-04,37.732242584228516
2014-08-05,37.47993087768555
2014-08-06,37.18412780761719
2014-08-07,37.61043930053711
2014-08-08,37.58432388305664
2014-08-11,37.58432388305664
2014-08-12,37.86274719238281
2014-08-13,38.34994125366211
2014-08-14,38.51523971557617
2014-08-15,38.9676399230957
2014-08-18,39.24604415893555
2014-08-19,39.68376922607422
2014-08-20,39.351104736328125
2014-08-21,39.587467193603516
2014-08-22,39.52619171142578
2014-08-25,39.5436897277832
2014-08-26,39.40363693237305
2014-08-27,39.28105926513672
2014-08-28,39.28982162475586
2014-08-29,39.77132034301758
2014-09-02,39.47366714477539
2014-09-03,39.35984802246094
2014-09-04,39.62248992919922
2014-09-05,40.1915283203125
2014-09-08,40.68177032470703
2014-09-09,40.93564224243164
2014-09-10,41.005680084228516
2014-09-11,41.1457633972168
2014-09-12,40.88311767578125
2014-09-15,40.48041915893555
2014-09-16,40.93564224243164
2014-09-17,40.72555160522461
2014-09-18,40.865623474121094
2014-09-19,41.600990295410156
2014-09-22,41.19828414916992
2014-09-23,40.76055908203125
2014-09-24,41.21580123901367
2014-09-25,40.30533218383789
2014-09-26,40.629249572753906
2014-09-29,40.65550231933594
2014-09-30,40.585479736328125
2014-10-01,40.182777404785156
2014-10-02,40.060211181640625
2014-10-03,40.349098205566406
2014-10-06,40.349098205566406
2014-10-07,39.858863830566406
2014-10-08,40.953155517578125
2014-10-09,40.138999938964844
2014-10-10,38.54570007324219
2014-10-13,38.21303176879883
2014-10-14,38.2830696105957
2014-10-15,37.83658981323242
2014-10-16,37.41636657714844
2014-10-17,38.195518493652344
2014-10-20,38.5894660949707
2014-10-21,39.28982162475586
2014-10-22,38.85210418701172
2014-10-23,39.41237258911133
2014-10-24,40.38412094116211
2014-10-27,40.1915283203125
2014-10-28,40.699283599853516
2014-10-29,40.81308364868164
2014-10-30,40.31407928466797
2014-10-31,41.101985931396484
2014-11-03,41.53095626831055
2014-11-04,41.644752502441406
2014-11-05,41.89863586425781
2014-11-06,42.634010314941406
2014-11-07,42.61650085449219
2014-11-10,42.80033874511719
2014-11-11,42.782833099365234
2014-11-12,42.704044342041016
2014-11-13,43.43065643310547
2014-11-14,43.40439987182617
2014-11-17,43.29934310913086
2014-11-18,42.938148498535156
2014-11-19,42.48004150390625
2014-11-20,42.902915954589844
2014-11-21,42.268619537353516
2014-11-24,41.92504119873047
2014-11-25,41.819313049316406
2014-11-26,42.06599044799805
2014-11-28,42.11884689331055
2014-12-01,42.83242416381836
2014-12-02,42.69147491455078
2014-12-03,42.356712341308594
2014-12-04,43.0262451171875
2014-12-05,42.65623474121094
2014-12-08,42.02193832397461
2014-12-09,41.92504119873047
2014-12-10,41.31717300415039
2014-12-11,41.55503463745117
2014-12-12,41.36122131347656
2014-12-15,41.11455535888672
2014-12-16,39.78430938720703
2014-12-17,40.29526138305664
2014-12-18,41.86336898803711
2014-12-19,41.986698150634766
2014-12-22,42.268619537353516
2014-12-23,42.68266677856445
2014-12-24,42.40957260131836
2014-12-26,42.180511474609375
2014-12-29,41.80168914794922
2014-12-30,41.422889709472656
2014-12-31,40.920738220214844
2015-01-02,41.19383239746094
2015-01-05,40.815025329589844
2015-01-06,40.21598434448242
2015-01-07,40.7269287109375
2015-01-08,41.92504119873047
2015-01-09,41.57264709472656
2015-01-12,41.052886962890625
2015-01-13,40.841461181640625
2015-01-14,40.489070892333984
2015-01-15,40.06621551513672
2015-01-16,40.735740661621094
2015-01-20,40.86788558959961
2015-01-21,40.45382308959961
2015-01-22,41.51979446411133
2015-01-23,41.563846588134766
2015-01-26,41.41408157348633
2015-01-27,37.58188247680664
2015-01-28,36.286865234375
2015-01-29,37.009273529052734
2015-01-30,35.59091567993164
2015-02-02,36.36616134643555
2015-02-03,36.64806365966797
2015-02-04,36.859500885009766
2015-02-05,37.39688491821289
2015-02-06,37.36164093017578
2015-02-09,37.317604064941406
2015-02-10,37.529029846191406
2015-02-11,37.3352165222168
2015-02-12,37.96070098876953
2015-02-13,38.64785385131836
2015-02-17,38.66560363769531
2015-02-18,38.62123489379883
2015-02-19,38.59462356567383
2015-02-20,38.914024353027344
2015-02-23,39.17132568359375
2015-02-24,39.11809158325195
2015-02-25,39.02936553955078
2015-02-26,39.09146499633789
2015-02-27,38.905155181884766
2015-03-02,38.9317741394043
2015-03-03,38.39943313598633
2015-03-04,38.20424270629883
2015-03-05,38.248600006103516
2015-03-06,37.58317565917969
2015-03-09,38.01791763305664
2015-03-10,37.29038619995117
2015-03-11,37.246028900146484
2015-03-12,36.394290924072266
2015-03-13,36.713687896728516
2015-03-16,36.873382568359375
2015-03-17,36.99760437011719
2015-03-18,37.70738983154297
2015-03-19,37.52107620239258
2015-03-20,38.04454040527344
2015-03-23,38.02680206298828
2015-03-24,38.06228256225586
2015-03-25,36.78465270996094
2015-03-26,36.56285858154297
2015-03-27,36.349918365478516
2015-03-30,36.34104919433594
2015-03-31,36.07487487792969
2015-04-01,36.128108978271484
2015-04-02,35.746612548828125
2015-04-06,36.8645133972168
2015-04-07,36.84677505493164
2015-04-08,36.74917984008789
2015-04-09,36.80241394042969
2015-04-10,37.015357971191406
2015-04-13,37.05083465576172
2015-04-14,36.9532356262207
2015-04-15,37.49445343017578
2015-04-16,37.405738830566406
2015-04-17,36.92662048339844
2015-04-20,38.07115936279297
2015-04-21,37.83159637451172
2015-04-22,38.14213562011719
2015-04-23,38.452667236328125
2015-04-24,42.471824645996094
2015-04-27,42.613792419433594
2015-04-28,43.61635971069336
2015-04-29,43.52762985229492
2015-04-30,43.15498733520508
2015-05-01,43.17274475097656
2015-05-04,42.80010223388672
2015-05-05,42.232276916503906
2015-05-06,41.06112289428711
2015-05-07,41.43376541137695
2015-05-08,42.365352630615234
2015-05-11,42.0282096862793
2015-05-12,42.010459899902344
2015-05-13,42.25889587402344
2015-05-14,43.225975036621094
2015-05-15,42.85334396362305
2015-05-18,42.596046447753906
2015-05-19,42.488887786865234
2015-05-20,42.488887786865234
2015-05-21,42.346004486083984
2015-05-22,41.88164520263672
2015-05-26,41.604801177978516
2015-05-27,42.51567077636719
2015-05-28,42.37278747558594
2015-05-29,41.845909118652344
2015-06-01,42.176334381103516
2015-06-02,41.899497985839844
2015-06-03,41.83699417114258
2015-06-04,41.39942169189453
2015-06-05,41.20296859741211
2015-06-08,40.836830139160156
2015-06-09,40.765403747558594
2015-06-10,41.62267303466797
2015-06-11,41.470855712890625
2015-06-12,41.05115509033203
2015-06-15,40.61358642578125
2015-06-16,40.92613220214844
2015-06-17,41.05115509033203
2015-06-18,41.72090148925781
2015-06-19,41.16724395751953
2015-06-22,41.28333282470703
2015-06-23,40.99757385253906
2015-06-24,40.75645446777344
2015-06-25,40.765403747558594
2015-06-26,40.41712188720703
2015-06-29,39.622352600097656
2015-06-30,39.42588806152344
2015-07-01,39.69380569458008
2015-07-02,39.64915466308594
2015-07-06,39.64021301269531
2015-07-07,39.559837341308594
2015-07-08,39.50627136230469
2015-07-09,39.75629806518555
2015-07-10,39.836673736572266
2015-07-13,40.66716384887695
2015-07-14,40.73860168457031
2015-07-15,40.863616943359375
2015-07-16,41.66730880737305
2015-07-17,41.6316032409668
2015-07-20,41.899497985839844
2015-07-21,42.220985412597656
2015-07-22,40.66716384887695
2015-07-23,41.17617416381836
2015-07-24,41.02437210083008
2015-07-27,40.49748229980469
2015-07-28,40.48856735229492
2015-07-29,41.336917877197266
2015-07-30,41.8637809753418
2015-07-31,41.703041076660156
2015-08-03,41.80127716064453
2015-08-04,42.453155517578125
2015-08-05,42.488887786865234
2015-08-06,41.6316032409668
2015-08-07,41.7387580871582
2015-08-10,42.2656364440918
2015-08-11,41.44407653808594
2015-08-12,41.7387580871582
2015-08-13,41.729835510253906
2015-08-14,41.970947265625
2015-08-17,42.25670623779297
2015-08-18,42.49040985107422
2015-08-19,41.89714431762695
2015-08-20,41.043209075927734
2015-08-21,38.715084075927734
2015-08-24,37.465633392333984
2015-08-25,36.37797927856445
2015-08-26,38.39148712158203
2015-08-27,39.46116256713867
2015-08-28,39.48813247680664
2015-08-31,39.11957550048828
2015-09-01,37.59147262573242
2015-09-02,38.97576141357422
2015-09-03,39.101600646972656
2015-09-04,38.301597595214844
2015-09-08,39.45216751098633
2015-09-09,38.715084075927734
2015-09-10,38.912845611572266
2015-09-11,39.083614349365234
2015-09-14,38.6881217956543
2015-09-15,39.5330696105957
2015-09-16,39.82071304321289
2015-09-17,39.77577209472656
2015-09-18,39.083614349365234
2015-09-21,39.64992141723633
2015-09-22,39.46116256713867
2015-09-23,39.434200286865234
2015-09-24,39.470157623291016
2015-09-25,39.497108459472656
2015-09-28,38.912845611572266
2015-09-29,39.04767608642578
2015-09-30,39.78474044799805
2015-10-01,40.099369049072266
2015-10-02,40.96229934692383
2015-10-05,41.91512680053711
2015-10-06,42.022987365722656
2015-10-07,42.06792449951172
2015-10-08,42.6522102355957
2015-10-09,42.34659194946289
2015-10-12,42.24772262573242
2015-10-13,42.14884567260742
2015-10-14,41.9600715637207
2015-10-15,42.2567024230957
2015-10-16,42.706146240234375
2015-10-19,42.805023193359375
2015-10-20,42.93985366821289
2015-10-21,42.427494049072266
2015-10-22,43.17356491088867
2015-10-23,47.5241813659668
2015-10-26,48.7646484375
2015-10-27,48.26127243041992
2015-10-28,48.521934509277344
2015-10-29,47.96464157104492
2015-10-30,47.317440032958984
2015-11-02,47.85677719116211
2015-11-03,48.67475128173828
2015-11-04,48.89948654174805
2015-11-05,48.88150405883789
2015-11-06,49.36689758300781
2015-11-09,48.68375778198242
2015-11-10,48.09946060180664
2015-11-11,48.22531509399414
2015-11-12,47.928680419921875
2015-11-13,47.49720764160156
2015-11-16,48.33317565917969
2015-11-17,47.93501281738281
2015-11-18,48.73134994506836
2015-11-19,48.81280517578125
2015-11-20,49.03903579711914
2015-11-23,49.03903579711914
2015-11-24,49.093345642089844
2015-11-25,48.58656692504883
2015-11-27,48.80375671386719
2015-11-30,49.183834075927734
2015-12-01,49.97113800048828
2015-12-02,49.96207809448242
2015-12-03,49.04808807373047
2015-12-04,50.59554672241211
2015-12-07,50.50505828857422
2015-12-08,50.4869499206543
2015-12-09,49.75395202636719
2015-12-10,50.01637649536133
2015-12-11,48.9213981628418
2015-12-14,49.89874267578125
2015-12-15,49.95304489135742
2015-12-16,50.79464340209961
2015-12-17,50.40550994873047
2015-12-18,48.984737396240234
2015-12-21,49.61820983886719
2015-12-22,50.088775634765625
2015-12-23,50.514095306396484
2015-12-24,50.378353118896484
2015-12-28,50.631744384765625
2015-12-29,51.174705505371094
2015-12-30,50.957523345947266
2015-12-31,50.20642852783203
2016-01-04,49.5910530090332
2016-01-05,49.817291259765625
2016-01-06,48.91234588623047
2016-01-07,47.2110481262207
2016-01-08,47.3558349609375
2016-01-11,47.32868576049805
2016-01-12,47.7630615234375
2016-01-13,46.731422424316406
2016-01-14,48.06170654296875
2016-01-15,46.143218994140625
2016-01-19,45.75408172607422
2016-01-20,45.962223052978516
2016-01-21,45.68169403076172
2016-01-22,47.31964111328125
2016-01-25,46.86717987060547
2016-01-26,47.2110481262207
2016-01-27,46.35135269165039
2016-01-28,47.111507415771484
2016-01-29,49.85348892211914
2016-02-01,49.50961685180664
2016-02-02,47.96216583251953
2016-02-03,47.202003479003906
2016-02-04,47.05720901489258
2016-02-05,45.39210510253906
2016-02-08,44.713401794433594
2016-02-09,44.59575653076172
2016-02-10,44.984886169433594
2016-02-11,44.96677780151367
2016-02-12,45.69978713989258
2016-02-16,46.56564712524414
2016-02-17,47.77787399291992
2016-02-18,47.5682373046875
2016-02-19,47.23101043701172
2016-02-22,47.987510681152344
2016-02-23,46.64769744873047
2016-02-24,46.81175231933594
2016-02-25,47.4862174987793
2016-02-26,46.75706481933594
2016-02-29,46.374263763427734
2016-03-01,47.92371368408203
2016-03-02,48.26094436645508
2016-03-03,47.714080810546875
2016-03-04,47.42240524291992
2016-03-07,46.51097106933594
2016-03-08,47.07606506347656
2016-03-09,48.160682678222656
2016-03-10,47.440643310546875
2016-03-11,48.370323181152344
2016-03-14,48.46146011352539
2016-03-15,48.84426498413086
2016-03-16,49.53696823120117
2016-03-17,49.81950378417969
2016-03-18,48.75312042236328
2016-03-21,49.090354919433594
2016-03-22,49.281761169433594
2016-03-23,49.19062042236328
2016-03-24,49.40936279296875
2016-03-28,48.79869079589844
2016-03-29,49.865089416503906
2016-03-30,50.17497253417969
2016-03-31,50.33903121948242
2016-04-01,50.64892578125
2016-04-04,50.521331787109375
2016-04-05,49.728370666503906
2016-04-06,50.23878860473633
2016-04-07,49.63722610473633
2016-04-08,49.60076141357422
2016-04-11,49.50051498413086
2016-04-12,49.810401916503906
2016-04-13,50.44840621948242
2016-04-14,50.45752716064453
2016-04-15,50.721839904785156
2016-04-18,51.46009826660156
2016-04-19,51.39631652832031
2016-04-20,50.66714859008789
2016-04-21,50.840328216552734
2016-04-22,47.19456481933594
2016-04-25,47.495338439941406
2016-04-26,46.8846549987793
2016-04-27,46.428932189941406
2016-04-28,45.481040954589844
2016-04-29,45.45369338989258
2016-05-02,46.12816619873047
2016-05-03,45.37166976928711
2016-05-04,45.45369338989258
2016-05-05,45.51749801635742
2016-05-06,45.92763900756836
2016-05-09,45.635986328125
2016-05-10,46.501861572265625
2016-05-11,46.52920913696289
2016-05-12,46.948463439941406
2016-05-13,46.55654525756836
2016-05-16,47.24012756347656
2016-05-17,46.35901641845703
2016-05-18,46.63436508178711
2016-05-19,46.18464279174805
2016-05-20,46.45999526977539
2016-05-23,45.91845703125
2016-05-24,47.35026550292969
2016-05-25,47.83671569824219
2016-05-26,47.6256217956543
2016-05-27,48.02027130126953
2016-05-31,48.644386291503906
2016-06-01,48.506717681884766
2016-06-02,48.1671257019043
2016-06-03,47.5338249206543
2016-06-06,47.845882415771484
2016-06-07,47.818355560302734
2016-06-08,47.76327896118164
2016-06-09,47.377811431884766
2016-06-10,47.249305725097656
2016-06-13,46.019439697265625
2016-06-14,45.734901428222656
2016-06-15,45.60641098022461
2016-06-16,46.24888610839844
2016-06-17,46.010250091552734
2016-06-20,45.955177307128906
2016-06-21,46.98313903808594
2016-06-22,46.7995719909668
2016-06-23,47.64397048950195
2016-06-24,45.734901428222656
2016-06-27,44.44995880126953
2016-06-28,45.37694549560547
2016-06-29,46.38655471801758
2016-06-30,46.96477508544922
2016-07-01,46.95560836791992
2016-07-05,46.96477508544922
2016-07-06,47.15753173828125
2016-07-07,47.15753173828125
2016-07-08,48.001914978027344
2016-07-11,48.26808166503906
2016-07-12,48.837127685546875
2016-07-13,49.112464904785156
2016-07-14,49.323577880859375
2016-07-15,49.28685760498047
2016-07-18,49.52549362182617
2016-07-19,48.72699737548828
2016-07-20,51.315242767333984
2016-07-21,51.214290618896484
2016-07-22,51.920997619628906
2016-07-25,52.06785202026367
2016-07-26,52.095394134521484
2016-07-27,51.57223129272461
2016-07-28,51.5905876159668
2016-07-29,52.02195739746094
2016-08-01,51.930179595947266
2016-08-02,51.930179595947266
2016-08-03,52.28813552856445
2016-08-04,52.67361068725586
2016-08-05,53.19676971435547
2016-08-08,53.288551330566406
2016-08-09,53.417049407958984
2016-08-10,53.25183868408203
2016-08-11,53.508827209472656
2016-08-12,53.17841720581055
2016-08-15,53.3436164855957
2016-08-16,53.04808044433594
2016-08-17,53.15891647338867
2016-08-18,53.195858001708984
2016-08-19,53.21432113647461
2016-08-22,53.26050567626953
2016-08-23,53.46367645263672
2016-08-24,53.51910400390625
2016-08-25,53.7222785949707
2016-08-26,53.59297180175781
2016-08-29,53.65761947631836
2016-08-30,53.46367645263672
2016-08-31,53.066558837890625
2016-09-01,53.18661117553711
2016-09-02,53.26050567626953
2016-09-06,53.20508575439453
2016-09-07,53.25126266479492
2016-09-08,53.03885269165039
2016-09-09,51.912132263183594
2016-09-12,52.68790817260742
2016-09-13,52.20766830444336
2016-09-14,51.95830535888672
2016-09-15,52.81719970703125
2016-09-16,52.87261962890625
2016-09-19,52.577083587646484
2016-09-20,52.46626663208008
2016-09-21,53.34361267089844
2016-09-22,53.399024963378906
2016-09-23,53.03885269165039
2016-09-26,52.549381256103516
2016-09-27,53.51910400390625
2016-09-28,53.59297180175781
2016-09-29,53.011146545410156
2016-09-30,53.195858001708984
2016-10-03,53.02961349487305
2016-10-04,52.863380432128906
2016-10-05,53.232791900634766
2016-10-06,53.325157165527344
2016-10-07,53.38056182861328
2016-10-10,53.60221481323242
2016-10-11,52.81719970703125
2016-10-12,52.74332809448242
2016-10-13,52.56785202026367
2016-10-14,53.02961349487305
2016-10-17,52.84490203857422
2016-10-18,53.25126266479492
2016-10-19,53.13119888305664
2016-10-20,52.87261962890625
2016-10-21,55.09834671020508
2016-10-24,56.33588790893555
2016-10-25,56.32665252685547
2016-10-26,55.994178771972656
2016-10-27,55.50470733642578
2016-10-28,55.29228591918945
2016-10-31,55.338462829589844
2016-11-01,55.22764587402344
2016-11-02,54.88593292236328
2016-11-03,54.68275451660156
2016-11-04,54.220985412597656
2016-11-07,55.800228118896484
2016-11-08,55.846412658691406
2016-11-09,55.56935501098633
2016-11-10,54.21175003051758
2016-11-11,54.50728225708008
2016-11-14,53.67609786987305
2016-11-15,54.73603439331055
2016-11-16,55.46126937866211
2016-11-17,56.38175582885742
2016-11-18,56.11211395263672
2016-11-21,56.5863037109375
2016-11-22,56.828041076660156
2016-11-23,56.158607482910156
2016-11-25,56.27946472167969
2016-11-28,56.353858947753906
2016-11-29,56.80015182495117
2016-11-30,56.0284309387207
2016-12-01,55.04287338256836
2016-12-02,55.08934783935547
2016-12-05,55.991241455078125
2016-12-06,55.740203857421875
2016-12-07,57.060482025146484
2016-12-08,56.725765228271484
2016-12-09,57.618350982666016
2016-12-12,57.80430221557617
2016-12-13,58.557430267333984
2016-12-14,58.27849197387695
2016-12-15,58.185516357421875
2016-12-16,57.925174713134766
2016-12-19,59.15248489379883
2016-12-20,59.078102111816406
2016-12-21,59.078102111816406
2016-12-22,59.087406158447266
2016-12-23,58.79916763305664
2016-12-27,58.83635711669922
2016-12-28,58.56672668457031
2016-12-29,58.48305130004883
2016-12-30,57.77641296386719
2017-01-03,58.185516357421875
2017-01-04,57.925174713134766
2017-01-05,57.925174713134766
2017-01-06,58.42726135253906
2017-01-09,58.24130630493164
2017-01-10,58.22270965576172
2017-01-11,58.752681732177734
2017-01-12,58.21340560913086
2017-01-13,58.297088623046875
2017-01-17,58.13902282714844
2017-01-18,58.11112594604492
2017-01-19,57.925174713134766
2017-01-20,58.33428192138672
2017-01-23,58.5388298034668
2017-01-24,59.059505462646484
2017-01-25,59.20826721191406
2017-01-26,59.75684356689453
2017-01-27,61.16080093383789
2017-01-30,60.55644226074219
2017-01-31,60.11016082763672
2017-02-01,59.115299224853516
2017-02-02,58.73408889770508
2017-02-03,59.20826721191406
2017-02-06,59.171085357666016
2017-02-07,58.975830078125
2017-02-08,58.892147064208984
2017-02-09,59.561588287353516
2017-02-10,59.505802154541016
2017-02-13,60.17525100708008
2017-02-14,60.39974594116211
2017-02-15,60.362327575683594
2017-02-16,60.352970123291016
2017-02-17,60.44651794433594
2017-02-21,60.32490921020508
2017-02-22,60.20330810546875
2017-02-23,60.44651794433594
2017-02-24,60.44651794433594
2017-02-27,60.081703186035156
2017-02-28,59.84785079956055
2017-03-01,60.745853424072266
2017-03-02,59.875919342041016
2017-03-03,60.10041427612305
2017-03-06,60.119117736816406
2017-03-07,60.24072265625
2017-03-08,60.7926139831543
2017-03-09,60.54941177368164
2017-03-10,60.736488342285156
2017-03-13,60.530696868896484
2017-03-14,60.25008773803711
2017-03-15,60.568111419677734
2017-03-16,60.46521759033203
2017-03-17,60.68037796020508
2017-03-20,60.736488342285156
2017-03-21,60.0629997253418
2017-03-22,60.83003616333008
2017-03-23,60.68037796020508
2017-03-24,60.783267974853516
2017-03-27,60.895511627197266
2017-03-28,61.073246002197266
2017-03-29,61.24161911010742
2017-03-30,61.46611022949219
2017-03-31,61.60643005371094
2017-04-03,61.316463470458984
2017-04-04,61.48483657836914
2017-04-05,61.32581329345703
2017-04-06,61.48483657836914
2017-04-07,61.43805694580078
2017-04-10,61.29775619506836
2017-04-11,61.250980377197266
2017-04-12,61.017120361328125
2017-04-13,60.75520324707031
2017-04-17,61.250980377197266
2017-04-18,61.166778564453125
2017-04-19,60.839393615722656
2017-04-20,61.269676208496094
2017-04-21,62.11154556274414
2017-04-24,63.16857147216797
2017-04-25,63.53337860107422
2017-04-26,63.44920349121094
2017-04-27,63.86076736450195
2017-04-28,64.03850555419922
2017-05-01,64.92713928222656
2017-05-02,64.82426452636719
2017-05-03,64.61846923828125
2017-05-04,64.36589050292969
2017-05-05,64.54363250732422
2017-05-08,64.48751831054688
2017-05-09,64.58103942871094
2017-05-10,64.83358764648438
2017-05-11,64.03850555419922
2017-05-12,63.963661193847656
2017-05-15,64.01044464111328
2017-05-16,65.29930877685547
2017-05-17,63.48360824584961
2017-05-18,63.70000076293945
2017-05-19,63.68118667602539
2017-05-22,64.39615631103516
2017-05-23,64.61254119873047
2017-05-24,64.69720458984375
2017-05-25,65.49686431884766
2017-05-26,65.81674194335938
2017-05-30,66.24009704589844
2017-05-31,65.7038345336914
2017-06-01,65.94844055175781
2017-06-02,67.51013946533203
2017-06-05,67.99933624267578
2017-06-06,68.2251205444336
2017-06-07,68.10282135009766
2017-06-08,67.68890380859375
2017-06-09,66.1554183959961
2017-06-12,65.64739990234375
2017-06-13,66.46586608886719
2017-06-14,66.10836791992188
2017-06-15,65.76028442382812
2017-06-16,65.85438537597656
2017-06-19,66.6728515625
2017-06-20,65.76972198486328
2017-06-21,66.10836791992188
2017-06-22,66.09896850585938
2017-06-23,66.99270629882812
2017-06-26,66.35298919677734
2017-06-27,65.11115264892578
2017-06-28,65.66622161865234
2017-06-29,64.43378448486328
2017-06-30,64.84774017333984
2017-07-03,64.13275146484375
2017-07-05,64.98886108398438
2017-07-06,64.50904846191406
2017-07-07,65.34632873535156
2017-07-10,65.8355484008789
2017-07-11,65.84496307373047
2017-07-12,66.9362564086914
2017-07-13,67.51954650878906
2017-07-14,68.46973419189453
2017-07-17,69.00596618652344
2017-07-18,68.95894622802734
2017-07-19,69.48576354980469
2017-07-20,69.8244400024414
2017-07-21,69.41992950439453
2017-07-24,69.24117279052734
2017-07-25,69.79623413085938
2017-07-26,69.66452026367188
2017-07-27,68.82723236083984
2017-07-28,68.7143325805664
2017-07-31,68.39445495605469
2017-08-01,68.28158569335938
2017-08-02,67.98052978515625
2017-08-03,67.87703704833984
2017-08-04,68.37565612792969
2017-08-07,68.11223602294922
2017-08-08,68.47913360595703
2017-08-09,68.17808532714844
2017-08-10,67.18085479736328
2017-08-11,68.206298828125
2017-08-14,69.23174285888672
2017-08-15,69.25065612792969
2017-08-16,69.6573715209961
2017-08-17,68.47512817382812
2017-08-18,68.56024932861328
2017-08-21,68.23869323730469
2017-08-22,69.19390869140625
2017-08-23,68.77777099609375
2017-08-24,68.7494125366211
2017-08-25,68.87236022949219
2017-08-28,68.8818130493164
2017-08-29,69.08989715576172
2017-08-30,69.99784088134766
2017-08-31,70.71662902832031
2017-09-01,69.93163299560547
2017-09-05,69.61953735351562
2017-09-06,69.42090606689453
2017-09-07,70.30996704101562
2017-09-08,69.96947479248047
2017-09-11,70.70719909667969
2017-09-12,70.63150787353516
2017-09-13,71.13280487060547
2017-09-14,70.71662902832031
2017-09-15,71.22736358642578
2017-09-18,71.08551025390625
2017-09-19,71.3503189086914
2017-09-20,70.87742614746094
2017-09-21,70.18700408935547
2017-09-22,70.37618255615234
2017-09-25,69.28851318359375
2017-09-26,69.28851318359375
2017-09-27,69.84651947021484
2017-09-28,69.86544036865234
2017-09-29,70.4518051147461
2017-10-02,70.56532287597656
2017-10-03,70.23431396484375
2017-10-04,70.64098358154297
2017-10-05,71.85161590576172
2017-10-06,71.87997436523438
2017-10-09,72.15422058105469
2017-10-10,72.15422058105469
2017-10-11,72.2771987915039
2017-10-12,72.93924713134766
2017-10-13,73.28919219970703
2017-10-16,73.44052124023438
2017-10-17,73.3837661743164
2017-10-18,73.4026870727539
2017-10-19,73.68643188476562
2017-10-20,74.53762817382812
2017-10-23,74.55654907226562
2017-10-24,74.58491516113281
2017-10-25,74.36740112304688
2017-10-26,74.49034881591797
2017-10-27,79.26657104492188
2017-10-30,79.34223937988281
2017-10-31,78.67073822021484
2017-11-01,78.67073822021484
2017-11-02,79.49356842041016
2017-11-03,79.57868957519531
2017-11-06,79.89080047607422
2017-11-07,79.7016372680664
2017-11-08,79.97591400146484
2017-11-09,79.53138732910156
2017-11-10,79.3233413696289
2017-11-13,79.38008880615234
2017-11-14,79.49356842041016
2017-11-15,78.875732421875
2017-11-16,79.08483123779297
2017-11-17,78.32441711425781
2017-11-20,78.44798278808594
2017-11-21,79.57913208007812
2017-11-22,78.99929809570312
2017-11-24,79.14187622070312
2017-11-27,79.72169494628906
2017-11-28,80.68175506591797
2017-11-29,79.21791076660156
2017-11-30,80.00684356689453
2017-12-01,80.0924072265625
2017-12-04,77.06969451904297
2017-12-05,77.55445861816406
2017-12-06,78.68559265136719
2017-12-07,78.40995788574219
2017-12-08,79.99735260009766
2017-12-11,81.01441955566406
2017-12-12,81.34712219238281
2017-12-13,81.12850189208984
2017-12-14,80.50113677978516
2017-12-15,82.55429077148438
2017-12-18,82.10755920410156
2017-12-19,81.58476257324219
2017-12-20,81.29007720947266
2017-12-21,81.27106475830078
2017-12-22,81.28058624267578
2017-12-26,81.17603302001953
2017-12-27,81.47067260742188
2017-12-28,81.48018646240234
2017-12-29,81.30909729003906
2018-01-02,81.69882202148438
2018-01-03,82.07904815673828
2018-01-04,82.80143737792969
2018-01-05,83.8280258178711
2018-01-08,83.91357421875
2018-01-09,83.85653686523438
2018-01-10,83.47632598876953
2018-01-11,83.72345733642578
2018-01-12,85.16827392578125
2018-01-16,83.98011016845703
2018-01-17,85.68157958984375
2018-01-18,85.64354705810547
2018-01-19,85.54850006103516
2018-01-22,87.078857421875
2018-01-23,87.35452270507812
2018-01-24,87.27847290039062
2018-01-25,87.76325988769531
2018-01-26,89.40768432617188
2018-01-29,89.27461242675781
2018-01-30,88.1529541015625
2018-01-31,90.31068420410156
2018-02-01,89.5978012084961
2018-02-02,87.24046325683594
2018-02-05,83.64742279052734
2018-02-06,86.8127212524414
2018-02-07,85.17779541015625
2018-02-08,80.80530548095703
2018-02-09,83.81851959228516
2018-02-12,84.72151947021484
2018-02-13,85.38690948486328
2018-02-14,86.72390747070312
2018-02-15,88.49068450927734
2018-02-16,87.86035919189453
2018-02-20,88.5479736328125
2018-02-21,87.37330627441406
2018-02-22,87.60250854492188
2018-02-23,89.82767486572266
2018-02-26,91.12649536132812
2018-02-27,89.96135711669922
2018-02-28,89.55072021484375
2018-03-01,88.67212677001953
2018-03-02,88.86314392089844
2018-03-05,89.42655944824219
2018-03-06,89.12097930908203
2018-03-07,89.63668060302734
2018-03-08,90.1810302734375
2018-03-09,92.19609069824219
2018-03-12,92.41574096679688
2018-03-13,90.16194152832031
2018-03-14,89.62712860107422
2018-03-15,89.94226837158203
2018-03-16,90.34336853027344
2018-03-19,88.71031188964844
2018-03-20,88.93952178955078
2018-03-21,88.31875610351562
2018-03-22,85.74982452392578
2018-03-23,83.25724792480469
2018-03-26,89.56026458740234
2018-03-27,85.4442138671875
2018-03-28,85.36781311035156
2018-03-29,87.16322326660156
2018-04-02,84.53694152832031
2018-04-03,85.67340087890625
2018-04-04,88.175537109375
2018-04-05,88.22325897216797
2018-04-06,86.17000579833984
2018-04-09,86.68570709228516
2018-04-10,88.70075988769531
2018-04-11,87.7266845703125
2018-04-12,89.3692855834961
2018-04-13,88.89177703857422
2018-04-16,89.93272399902344
2018-04-17,91.74723815917969
2018-04-18,92.10059356689453
2018-04-19,91.78543090820312
2018-04-20,90.72538757324219
2018-04-23,91.05963134765625
2018-04-24,88.92996215820312
2018-04-25,88.15643310546875
2018-04-26,90.01868438720703
2018-04-27,91.50847625732422
2018-04-30,89.31196594238281
2018-05-01,90.72538757324219
2018-05-02,89.30242919921875
2018-05-03,89.83723449707031
2018-05-04,90.87818145751953
2018-05-07,91.89048767089844
2018-05-08,91.49894714355469
2018-05-09,92.5781021118164
2018-05-10,93.50444793701172
2018-05-11,93.30389404296875
2018-05-14,93.6190414428711
2018-05-15,92.94099426269531
2018-05-16,93.1807861328125
2018-05-17,92.25040435791016
2018-05-18,92.42304992675781
2018-05-21,93.61238861083984
2018-05-22,93.51648712158203
2018-05-23,94.62908172607422
2018-05-24,94.29338073730469
2018-05-25,94.3413314819336
2018-05-29,94.00563049316406
2018-05-30,94.9072265625
2018-05-31,94.80171966552734
2018-06-01,96.67206573486328
2018-06-04,97.51612091064453
2018-06-05,98.01486206054688
2018-06-06,98.30259704589844
2018-06-07,96.75837707519531
2018-06-08,97.47772216796875
2018-06-11,96.92143249511719
2018-06-12,97.17082214355469
2018-06-13,96.72959899902344
2018-06-14,97.27632141113281
2018-06-15,96.03902435302734
2018-06-18,96.73918914794922
2018-06-19,96.73918914794922
2018-06-20,97.70794677734375
2018-06-21,97.00776672363281
2018-06-22,96.30758666992188
2018-06-25,94.3701171875
2018-06-26,95.03192901611328
2018-06-27,93.5548324584961
2018-06-28,94.60031127929688
2018-06-29,94.58111572265625
2018-07-02,95.92393493652344
2018-07-03,95.00314331054688
2018-07-05,95.68415832519531
2018-07-06,97.02694702148438
2018-07-09,97.68875122070312
2018-07-10,97.9477310180664
2018-07-11,97.81344604492188
2018-07-12,99.93314361572266
2018-07-13,101.12249755859375
2018-07-16,100.62373352050781
2018-07-17,101.62123107910156
2018-07-18,100.82514953613281
2018-07-19,100.13456726074219
2018-07-20,101.92814636230469
2018-07-23,103.5587158203125
2018-07-24,103.26136779785156
2018-07-25,106.3018798828125
2018-07-26,105.14130401611328
2018-07-27,103.28055572509766
2018-07-30,101.0649185180664
2018-07-31,101.74593353271484
2018-08-01,101.9377670288086
2018-08-02,103.175048828125
2018-08-03,103.62584686279297
2018-08-06,103.71217346191406
2018-08-07,104.4315185546875
2018-08-08,105.0166015625
2018-08-09,105.18925476074219
2018-08-10,104.54662322998047
2018-08-13,103.78890228271484
2018-08-14,105.08372497558594
2018-08-15,103.65875244140625
2018-08-16,103.63949584960938
2018-08-17,103.58173370361328
2018-08-20,102.89811706542969
2018-08-21,102.04119873046875
2018-08-22,103.08104705810547
2018-08-23,103.56246948242188
2018-08-24,104.37124633789062
2018-08-27,105.52666473388672
2018-08-28,106.1621322631836
2018-08-29,107.85670471191406
2018-08-30,107.789306640625
2018-08-31,108.15519714355469
2018-09-04,107.5582275390625
2018-09-05,104.45791625976562
2018-09-06,104.6986083984375
2018-09-07,104.18830871582031
2018-09-10,105.31482696533203
2018-09-11,107.10569763183594
2018-09-12,107.5582275390625
2018-09-13,108.7136459350586
2018-09-14,109.15653228759766
2018-09-17,107.97224426269531
2018-09-18,109.00247955322266
2018-09-19,107.5486068725586
2018-09-20,109.34910583496094
2018-09-21,110.01347351074219
2018-09-24,110.4082260131836
2018-09-25,110.19639587402344
2018-09-26,109.74386596679688
2018-09-27,110.15789031982422
2018-09-28,110.11936950683594
2018-10-01,111.31329345703125
2018-10-02,110.87037658691406
2018-10-03,110.88964080810547
2018-10-04,108.59809112548828
2018-10-05,107.96261596679688
2018-10-08,106.73019409179688
2018-10-09,108.0877914428711
2018-10-10,102.21451568603516
2018-10-11,101.97379302978516
2018-10-12,105.49776458740234
2018-10-15,103.60099029541016
2018-10-16,106.87461853027344
2018-10-17,106.59539794921875
2018-10-18,104.46754455566406
2018-10-19,104.62159729003906
2018-10-22,105.55552673339844
2018-10-23,104.08238983154297
2018-10-24,98.51721954345703
2018-10-25,104.27496337890625
2018-10-26,102.98477172851562
2018-10-29,99.99034881591797
2018-10-30,99.87480926513672
2018-10-31,102.84033203125
2018-11-01,101.98341369628906
2018-11-02,102.21451568603516
2018-11-05,103.51432800292969
2018-11-06,103.71651458740234
2018-11-07,107.79894256591797
2018-11-08,107.59674835205078
2018-11-09,105.49776458740234
2018-11-12,102.89811706542969
2018-11-13,102.96552276611328
2018-11-14,101.5053482055664
2018-11-15,103.73912048339844
2018-11-16,104.71578216552734
2018-11-19,101.16690063476562
2018-11-20,98.35295867919922
2018-11-21,99.70675659179688
2018-11-23,99.66805267333984
2018-11-26,102.95584106445312
2018-11-27,103.6037368774414
2018-11-28,107.45236206054688
2018-11-29,106.55305480957031
2018-11-30,107.2299575805664
2018-12-03,108.39033508300781
2018-12-04,104.93817901611328
2018-12-06,105.58606719970703
2018-12-07,101.36029815673828
2018-12-10,104.03887176513672
2018-12-11,105.00586700439453
2018-12-12,105.47969818115234
2018-12-13,105.83748626708984
2018-12-14,102.53035736083984
2018-12-17,99.4940185546875
2018-12-18,100.53836059570312
2018-12-19,100.2676010131836
2018-12-20,98.15955352783203
2018-12-21,94.98783111572266
2018-12-24,91.02313995361328
2018-12-26,97.24091339111328
2018-12-27,97.84043884277344
2018-12-28,97.07652282714844
2018-12-31,98.21757507324219
2019-01-02,97.78242492675781
2019-01-03,94.18521881103516
2019-01-04,98.5656967163086
2019-01-07,98.69140625
2019-01-08,99.40697479248047
2019-01-09,100.82845306396484
2019-01-10,100.18057250976562
2019-01-11,99.40697479248047
2019-01-14,98.68173217773438
2019-01-15,101.54402923583984
2019-01-16,101.90181732177734
2019-01-17,102.61740112304688
2019-01-18,104.15491485595703
2019-01-22,102.19192504882812
2019-01-23,103.18792724609375
2019-01-24,102.69474029541016
2019-01-25,103.63272857666016
2019-01-28,101.61172485351562
2019-01-29,99.54236602783203
2019-01-30,102.86881256103516
2019-01-31,100.9831771850586
2019-02-01,99.38764190673828
2019-02-04,102.24993133544922
2019-02-05,103.68108367919922
2019-02-06,102.53035736083984
2019-02-07,101.79545593261719
2019-02-08,102.18224334716797
2019-02-11,101.7761001586914
2019-02-12,103.36198425292969
2019-02-13,103.28460693359375
2019-02-14,103.37165832519531
2019-02-15,104.64808654785156
2019-02-19,104.59973907470703
2019-02-20,104.05589294433594
2019-02-21,106.25064849853516
2019-02-22,107.76559448242188
2019-02-25,108.36767578125
2019-02-26,109.11546325683594
2019-02-27,108.93093872070312
2019-02-28,108.79497528076172
2019-03-01,109.28056335449219
2019-03-04,109.01834106445312
2019-03-05,108.47451782226562
2019-03-06,108.52307891845703
2019-03-07,107.20233154296875
2019-03-08,107.31887817382812
2019-03-11,109.57189178466797
2019-03-12,110.33907318115234
2019-03-13,111.19364929199219
2019-03-14,111.28105926513672
2019-03-15,112.56294250488281
2019-03-18,114.17501068115234
2019-03-19,114.25271606445312
2019-03-20,114.12644958496094
2019-03-21,116.74848937988281
2019-03-22,113.67003631591797
2019-03-25,114.26241302490234
2019-03-26,114.50518798828125
2019-03-27,113.39812469482422
2019-03-28,113.55349731445312
2019-03-29,114.5343246459961
2019-04-01,115.5831298828125
2019-04-02,115.74822998046875
2019-04-03,116.50570678710938
2019-04-04,115.91332244873047
2019-04-05,116.42803192138672
2019-04-08,116.46685791015625
2019-04-09,115.83563995361328
2019-04-10,116.7193603515625
2019-04-11,116.85530853271484
2019-04-12,117.45740509033203
2019-04-15,117.55451965332031
2019-04-16,117.28260040283203
2019-04-17,118.25372314453125
2019-04-18,119.8075180053711
2019-04-22,120.18626403808594
2019-04-23,121.81775665283203
2019-04-24,121.40016174316406
2019-04-25,125.42062377929688
2019-04-26,126.13925170898438
2019-04-29,126.0227279663086
2019-04-30,126.82875061035156
2019-05-01,124.18728637695312
2019-05-02,122.56552124023438
2019-05-03,125.17782592773438
2019-05-06,124.44950103759766
2019-05-07,121.89543151855469
2019-05-08,121.88573455810547
2019-05-09,121.87602233886719
2019-05-10,123.45895385742188
2019-05-13,119.7880859375
2019-05-14,121.12826538085938
2019-05-15,122.83401489257812
2019-05-16,125.67044067382812
2019-05-17,124.83219146728516
2019-05-20,123.02894592285156
2019-05-21,123.69175720214844
2019-05-22,124.44230651855469
2019-05-23,122.98997497558594
2019-05-24,123.04844665527344
2019-05-28,122.9704818725586
2019-05-29,121.78131866455078
2019-05-30,122.55136108398438
2019-05-31,120.55317687988281
2019-06-03,116.81026458740234
2019-06-04,120.04633331298828
2019-06-05,122.6488265991211
2019-06-06,124.58851623535156
2019-06-07,128.07798767089844
2019-06-10,129.24765014648438
2019-06-11,128.76031494140625
2019-06-12,128.1657257080078
2019-06-13,128.97474670410156
2019-06-14,129.10145568847656
2019-06-17,129.49136352539062
2019-06-18,131.74293518066406
2019-06-19,132.2595672607422
2019-06-20,133.4877166748047
2019-06-21,133.5071563720703
2019-06-24,134.29669189453125
2019-06-25,130.056640625
2019-06-26,130.54403686523438
2019-06-27,130.75848388671875
2019-06-28,130.5732879638672
2019-07-01,132.24977111816406
2019-07-02,133.1270294189453
2019-07-03,133.98480224609375
2019-07-05,133.5948944091797
2019-07-08,133.49745178222656
2019-07-09,133.01010131835938
2019-07-10,134.3649444580078
2019-07-11,134.90101623535156
2019-07-12,135.38836669921875
2019-07-15,135.38836669921875
2019-07-16,133.6144256591797
2019-07-17,132.82489013671875
2019-07-18,132.9710693359375
2019-07-19,133.16603088378906
2019-07-22,134.93026733398438
2019-07-23,135.76852416992188
2019-07-24,137.16236877441406
2019-07-25,136.64578247070312
2019-07-26,137.76669311523438
2019-07-29,137.4645233154297
2019-07-30,136.80172729492188
2019-07-31,132.82489013671875
2019-08-01,134.5696258544922
2019-08-02,133.43894958496094
2019-08-05,128.86752319335938
2019-08-06,131.28480529785156
2019-08-07,131.8599090576172
2019-08-08,135.37864685058594
2019-08-09,134.22850036621094
2019-08-12,132.35699462890625
2019-08-13,135.09597778320312
2019-08-14,131.0276641845703
2019-08-15,130.73422241210938
2019-08-16,133.1302490234375
2019-08-19,135.36001586914062
2019-08-20,134.2353515625
2019-08-21,135.73165893554688
2019-08-22,134.743896484375
2019-08-23,130.4506378173828
2019-08-26,132.46524047851562
2019-08-27,132.74888610839844
2019-08-28,132.57281494140625
2019-08-29,135.076416015625
2019-08-30,134.82212829589844
2019-09-03,133.042236328125
2019-09-04,134.59722900390625
2019-09-05,136.96388244628906
2019-09-06,136.03482055664062
2019-09-09,134.4896240234375
2019-09-10,133.0813751220703
2019-09-11,133.1204833984375
2019-09-12,134.4896240234375
2019-09-13,134.29405212402344
2019-09-16,133.3258514404297
2019-09-17,134.36251831054688
2019-09-18,135.4676055908203
2019-09-19,137.96139526367188
2019-09-20,136.36734008789062
2019-09-23,136.07394409179688
2019-09-24,134.3527069091797
2019-09-25,136.28909301757812
2019-09-26,136.46510314941406
2019-09-27,134.69500732421875
2019-09-30,135.9663848876953
2019-10-01,134.04957580566406
2019-10-02,131.682861328125
2019-10-03,133.27696228027344
2019-10-04,135.076416015625
2019-10-07,134.09848022460938
2019-10-08,132.68040466308594
2019-10-09,135.1937713623047
2019-10-10,136.03482055664062
2019-10-11,136.60205078125
2019-10-14,136.4749298095703
2019-10-15,138.4503936767578
2019-10-16,137.31594848632812
2019-10-17,136.61181640625
2019-10-18,134.38206481933594
2019-10-21,135.37957763671875
2019-10-22,133.36497497558594
2019-10-23,134.21578979492188
2019-10-24,136.85630798339844
2019-10-25,137.62890625
2019-10-28,141.0126495361328
2019-10-29,139.68263244628906
2019-10-30,141.42340087890625
2019-10-31,140.21072387695312
2019-11-01,140.55300903320312
2019-11-04,141.36473083496094
2019-11-05,141.27671813964844
2019-11-06,140.88552856445312
2019-11-07,141.08111572265625
2019-11-08,142.74366760253906
2019-11-11,142.89031982421875
2019-11-12,143.82920837402344
2019-11-13,144.06390380859375
2019-11-14,144.79736328125
2019-11-15,146.665283203125
2019-11-18,147.02713012695312
2019-11-19,147.07603454589844
2019-11-20,146.82090759277344
2019-11-21,146.68350219726562
2019-11-22,146.79148864746094
2019-11-25,148.4007568359375
2019-11-26,149.18580627441406
2019-11-27,149.47039794921875
2019-11-29,148.54798889160156
2019-12-02,146.75222778320312
2019-12-03,146.51670837402344
2019-12-04,147.0465850830078
2019-12-05,147.12509155273438
2019-12-06,148.9110565185547
2019-12-09,148.5283660888672
2019-12-10,148.30264282226562
2019-12-11,148.86199951171875
2019-12-12,150.37318420410156
2019-12-13,151.63905334472656
2019-12-16,152.62033081054688
2019-12-17,151.79605102539062
2019-12-18,151.48204040527344
2019-12-19,152.79696655273438
2019-12-20,154.4651641845703
2019-12-23,154.4651641845703
2019-12-24,154.4357452392578
2019-12-26,155.7015838623047
2019-12-27,155.9861602783203
2019-12-30,154.6417999267578
2019-12-31,154.74972534179688
